Date,Optimized,EqualWeight,Benchmark
2024-05-28,1.0698050288629324,1.004705221442881,1.000248801852934
2024-05-29,1.0784837632739954,0.9993047896966498,0.9928799224084314
2024-05-30,1.037861286674237,0.997256308315966,0.9869474295399688
2024-05-31,1.029717937568321,1.0068072565392596,0.9948705213250251
2024-06-03,1.0801274039219564,1.006072357630348,0.9959808789839018
2024-06-04,1.093624368735764,1.007248702204004,0.9974776481036062
2024-06-05,1.1500076598280118,1.0139270977841106,1.0092954139550134
2024-06-06,1.1364636161327228,1.014773350711734,1.009093739941037
2024-06-07,1.1354305064491206,1.0144408635161053,1.0079683786928044
2024-06-10,1.1439024944493783,1.0159665638112432,1.010569798584637
2024-06-11,1.1357305359558718,1.0202900746942327,1.013308828084363
2024-06-12,1.1760276342782288,1.0257747336152954,1.021925674795636
2024-06-13,1.2174520695196223,1.0317365727652361,1.0243217388110732
2024-06-14,1.2387748469008628,1.0306434270255391,1.0239182987365598
2024-06-17,1.2303208175293083,1.0351810280198614,1.031766004388596
2024-06-18,1.273529786985117,1.0418905985578448,1.0343674242804282
2024-06-20,1.2284421451369862,1.0403193103638373,1.0317546826616586
2024-06-21,1.1888964934362662,1.0370056256212452,1.0301429473879347
2024-06-24,1.109429082622935,1.0359626442988794,1.026985382177779
2024-06-25,1.18438750624202,1.036992864722551,1.0310251216234212
2024-06-26,1.1872995599876075,1.0406145456455231,1.0326463376928727
2024-06-27,1.1646615430804566,1.0392326541275918,1.0335832796318354
2024-06-28,1.1604346750059147,1.0390238849752835,1.0293624846017606
2024-07-01,1.1675735960714124,1.0409803361221623,1.0321166097374028
2024-07-02,1.1522624275965534,1.0423475496862564,1.038510900199713
2024-07-03,1.204958929478071,1.0490203622324488,1.043791151140728
2024-07-05,1.1819453506798316,1.049913272233408,1.049478524018675
2024-07-08,1.2042071606924694,1.0519744274276026,1.0505455277475733
2024-07-09,1.2340783171283296,1.0519719856031404,1.0513240575559775
2024-07-10,1.2672361603808824,1.0649828339511476,1.0620560421801517
2024-07-11,1.1966927226079023,1.0587077715614623,1.0527492144516408
2024-07-12,1.2139764762937366,1.0651223099904064,1.0585572603703561
2024-07-15,1.2064617059732283,1.0714284181607578,1.0615489576785557
2024-07-16,1.1869237355381062,1.0834723214232378,1.0683315925794634
2024-07-17,1.1083018792207016,1.082425662658858,1.053452358127025
2024-07-18,1.1374209581431214,1.0762060484859037,1.0452181489676007
2024-07-19,1.1077382464095031,1.0667472453777864,1.0377550138451828
2024-07-22,1.1604345801050335,1.0720974980706364,1.0489545029499534
2024-07-23,1.1515110013664456,1.0662840183581193,1.0473201242223553
2024-07-24,1.0731710207922172,1.0525127404611059,1.0230756124755114
2024-07-25,1.0546663271959957,1.0553425081051093,1.017814323125952
2024-07-26,1.0619929479484396,1.0671284550265632,1.029102361021889
2024-07-29,1.048184891330068,1.0620418871145847,1.0299393403961878
2024-07-30,0.9743537699887983,1.0557545726709656,1.0248306642438776
2024-07-31,1.099190152779579,1.0672498940071689,1.0410162234824205
2024-08-01,1.0258287030808741,1.0540082822907053,1.0267610647099277
2024-08-02,1.007605796540958,1.0489700353154339,1.0078872856730348
2024-08-05,0.9435436791691766,1.0218117157103752,0.9776821148102263
2024-08-06,0.9792381296642646,1.030889744981113,0.9878051193903711
2024-08-07,0.929078073027339,1.026201210644455,0.9801647946390601
2024-08-08,0.986001304313136,1.0459410058874412,1.0027503512266622
2024-08-09,0.9839347293342118,1.0504935482366957,1.0074348768283545
2024-08-12,1.0240439758450335,1.0509539053738424,1.007478230758333
2024-08-13,1.0909240067907306,1.0633007936096175,1.024451800601008
2024-08-14,1.1091470666401584,1.070709323213939,1.0283690260746725
2024-08-15,1.1540468497575405,1.0829319622573048,1.0449599583654987
2024-08-16,1.1702033415354038,1.0861011716238664,1.047039198119819
2024-08-19,1.22111503247455,1.0934911743984574,1.0572188113346492
2024-08-20,1.1952834738987772,1.0913361740781298,1.0551207020354338
2024-08-21,1.2070248929043548,1.0933781837351664,1.0595940728274216
2024-08-22,1.1623127802322657,1.0866297562942067,1.0501289250149128
2024-08-23,1.2151970475852991,1.101613822241986,1.062187944901296
2024-08-26,1.1878626809050095,1.1044043007620408,1.0588380944263314
2024-08-27,1.2051463558340876,1.10572119795131,1.060527148810845
2024-08-28,1.1798783549150513,1.1011139679647348,1.05418946698322
2024-08-29,1.104544211925207,1.099726392500845,1.0541479539844507
2024-08-30,1.121264320696453,1.10772355167879,1.0647875238619193
2024-09-03,1.0144625753603507,1.0851309235023832,1.0422661237269606
2024-09-04,0.9976488437123251,1.0796364296484322,1.0405958468407817
2024-09-05,1.0070420328646807,1.0738683589841622,1.0374553102443118
2024-09-06,0.9658994595422253,1.0616594208842478,1.0195485723716533
2024-09-09,1.0000910332462596,1.0768362031501397,1.0313550164961234
2024-09-10,1.0154018835571366,1.0735558221669075,1.0359679298737745
2024-09-11,1.0981567347496775,1.0811225651846337,1.047016554665945
2024-09-12,1.1191994264876635,1.0878769452771193,1.054864260317981
2024-09-13,1.1188235806516196,1.0927820654845724,1.060568661809614
2024-09-16,1.097029408948789,1.0966652350043373,1.0619014039585715
2024-09-17,1.0858504050104218,1.0998321107190103,1.0621823300611075
2024-09-18,1.064995638594288,1.0968404204552193,1.05910576582416
2024-09-19,1.1072689317308053,1.1135042451715027,1.0770860488986294
2024-09-20,1.0897020575444276,1.1115914168180248,1.0749953953708113
2024-09-23,1.0921444798867044,1.113271255570903,1.0780153509730732
2024-09-24,1.135451179416829,1.1224360521222774,1.0807224403163183
2024-09-25,1.16025147417409,1.1170058954867628,1.0787109468304994
2024-09-26,1.1652303911610071,1.1204866562631752,1.0830675105372587
2024-09-27,1.140430018179594,1.1224372861697853,1.0817101919566572
2024-09-30,1.140805792213274,1.1291346302594893,1.0862929140624764
2024-10-01,1.099096024152812,1.120809701632446,1.0761642025955829
2024-10-02,1.116475045662526,1.1222299890576786,1.0763131339304135
2024-10-03,1.1540513627916678,1.1219910246701899,1.0745034065051315
2024-10-04,1.173497257862769,1.1296779548694382,1.0841419700375545
2024-10-07,1.1998005849810218,1.1248946593482647,1.0737493610818107
2024-10-08,1.2483677318065882,1.129725073071352,1.0841532917644914
2024-10-09,1.2461135168037232,1.1386080473624949,1.0918653207864037
2024-10-10,1.2664046134574771,1.138061106901186,1.0896050254476508
2024-10-11,1.2663109034096087,1.1476542017606375,1.0961991489927283
2024-10-14,1.297029402023144,1.154124311137393,1.104648286870836
2024-10-15,1.236249798006604,1.1476760882642687,1.096242502922707
2024-10-16,1.274953187702389,1.1526922016844934,1.1013719815976821
2024-10-17,1.2863199870913589,1.1525740181316741,1.101183470241852
2024-10-18,1.2963718283668535,1.1564503840609617,1.105556878469176
2024-10-21,1.3500122186224426,1.1536054997397447,1.1035417031209387
2024-10-22,1.3488845353632424,1.1554462797800935,1.1030176820522173
2024-10-23,1.3110265155624947,1.1459196472463877,1.092879489789596
2024-10-24,1.319011706474977,1.145300174194642,1.0952245600105364
2024-10-25,1.3296271041876009,1.141167251209005,1.0948965981156031
2024-10-28,1.3200446725295294,1.1453119233829685,1.0977996545860758
2024-10-29,1.3269027558911914,1.1370475238057267,1.0995716429215674
2024-10-30,1.3089598610316022,1.1312699792251717,1.0959427993218362
2024-10-31,1.2471467116951283,1.1130578197563825,1.0755421519399673
2024-11-01,1.2719470996709183,1.1139713599591055,1.079943818461354
2024-11-04,1.2780532003721325,1.1142818211679435,1.0769069262919666
2024-11-05,1.314314534940718,1.1244620840392865,1.090115883858226
2024-11-06,1.3678606458751623,1.1461019074662215,1.1176913765351397
2024-11-07,1.3985795975335071,1.1494008771476711,1.125997197918605
2024-11-08,1.3868366540269246,1.1480225119765555,1.1302273816978472
2024-11-11,1.3645730250165435,1.1432080143377248,1.1313226437208077
2024-11-12,1.3930368965836353,1.142315041237689,1.1280501123566327
2024-11-13,1.374060738782946,1.1445100746991248,1.128312076867713
2024-11-14,1.3786640327419006,1.144678654534911,1.1214860880368267
2024-11-15,1.3337600686121935,1.1381186452770784,1.1066785578549896
2024-11-18,1.316569010158577,1.1415600394427006,1.1110143190390838
2024-11-19,1.3810125105358002,1.1437407951912506,1.11541791853824
2024-11-20,1.3704911060766312,1.1418831612400502,1.1154424029233234
2024-11-21,1.3778183171327252,1.15500253106461,1.1213993801768694
2024-11-22,1.3334781958020725,1.1622134663603514,1.1252883473564717
2024-11-25,1.2777712855328842,1.1652610052038432,1.1286872586481638
2024-11-26,1.2862261739061884,1.170007290106971,1.135145613516557
2024-11-27,1.2713833351173145,1.1661085311785242,1.1308306548551275
2024-11-29,1.2987202216397822,1.171315527731934,1.1371721105917314
2024-12-02,1.3022899713425866,1.1708083690098683,1.1399564269992055
2024-12-03,1.3176022246144141,1.1677182159723118,1.1404710593187597
2024-12-04,1.363445423420091,1.1652183391603588,1.1473725263292265
2024-12-05,1.362787871673622,1.1675766629295627,1.145227197144493
2024-12-06,1.3381738774007825,1.1642690410659147,1.1480850587537779
2024-12-09,1.304070591313822,1.1604444346894967,1.141030978546062
2024-12-10,1.2689344912550924,1.1527678878724816,1.1376490958680556
2024-12-11,1.3087681565912297,1.1530263537389875,1.1469388949828805
2024-12-12,1.290260418319629,1.1489196752260773,1.1407293419674214
2024-12-13,1.2612308546271302,1.1438372699215704,1.140699150695589
2024-12-16,1.2400921997437797,1.1364106850513978,1.1450330709484742
2024-12-17,1.224966799473426,1.1372641061710766,1.140608668926653
2024-12-18,1.211062793125055,1.1129852599241998,1.1069688727066924
2024-12-19,1.2276912865950438,1.1104029725941937,1.1060112202916255
2024-12-20,1.2654582876964844,1.1224470699322282,1.1180325931347788
2024-12-23,1.3121498873160617,1.127522232779709,1.1261800023876858
2024-12-24,1.3173171639429817,1.1358486070547003,1.1386161370322898
2024-12-26,1.3145928166937264,1.1358403480204053,1.1381542473918818
2024-12-27,1.287160056174204,1.1266633903258252,1.1255711143902167
2024-12-30,1.2916696367230582,1.1171835230345148,1.1135252571619798
2024-12-31,1.2616065318921594,1.1165963305292905,1.1087540237003306
2025-01-02,1.2993731114913858,1.1126997956271996,1.106288280438622
2025-01-03,1.3572446775572442,1.1216400200730718,1.1202231171807002
2025-01-06,1.4038428860442107,1.121751875256861,1.1264269633094106
2025-01-07,1.3165655550652335,1.1148964620591275,1.1139192164407656
2025-01-08,1.3162838499565388,1.1131891581368571,1.1156573316420064
2025-01-10,1.2768258753928232,1.097718311022591,1.09846321824046
2025-01-13,1.2516480579564953,1.1052718692230268,1.1001937856237427
2025-01-14,1.2378376158052564,1.1103593817823951,1.1014549155486593
2025-01-15,1.279926201237758,1.1275404630948176,1.1216256306224892
2025-01-16,1.2548423808890548,1.1272398432321167,1.119255983969905
2025-01-17,1.2937364948877592,1.1382901188052115,1.1304385365075502
2025-01-21,1.3230480494786494,1.1452771158132125,1.1403504783245513
2025-01-22,1.381671459102198,1.1498611622769201,1.1473498828753517
2025-01-23,1.3830804164631192,1.1573820994928896,1.1534463106680004
2025-01-24,1.3398645332031556,1.1511148396727067,1.1501530688277208
2025-01-27,1.1125118065046253,1.1463943071229252,1.1333830139302317
2025-01-28,1.2118141054775693,1.152562623391746,1.1438303905894514
2025-01-29,1.1621159884587389,1.1484093183508541,1.1384785274243954
2025-01-30,1.171040924592412,1.1423279286505428,1.144484473448108
2025-01-31,1.1280131181324407,1.1298363695551505,1.1387084597324342
2025-02-03,1.0959771971087848,1.119298102034676,1.1300444851822036
2025-02-04,1.1146726034333987,1.1278736039412904,1.1382089230487962
2025-02-05,1.172731913559041,1.1367607088475153,1.1426578094557007
2025-02-06,1.2089014317577185,1.1442106558472935,1.1468219958510903
2025-02-07,1.219799238865886,1.1384522720301247,1.1359675893014989
2025-02-10,1.2548420237393265,1.1461983322530165,1.1435928184168938
2025-02-11,1.2476079571691912,1.1586804837145257,1.1439811628554912
2025-02-12,1.2320127179228664,1.1509150460175253,1.1408651106441048
2025-02-13,1.2710006673765233,1.1642570334293005,1.1527601035597412
2025-02-14,1.304445940692656,1.1600776527381929,1.1526771696087632
2025-02-18,1.3096129277317183,1.1649065969983599,1.1554954511970488
2025-02-19,1.3080161202694418,1.1683336573576462,1.158242028514733
2025-02-20,1.316283443484233,1.1670122377849934,1.1532219932001497
2025-02-21,1.2629213261352252,1.1578407052755566,1.1335432669919996
2025-02-24,1.2239333676883075,1.1518970942449485,1.1279105697709682
2025-02-25,1.1896423463621637,1.1525621486365745,1.122632251807723
2025-02-26,1.2333277794068966,1.149694999033512,1.1227849570515327
2025-02-27,1.1287645515208382,1.1373474825933123,1.1049724748567893
2025-02-28,1.1735774246220774,1.1548526274852646,1.1224908682908505
2025-03-03,1.0715506018562577,1.1335922512140513,1.10273868892745
2025-03-04,1.0896824486709427,1.1195122168928417,1.0892468722808848
2025-03-05,1.101989483963957,1.128586086167086,1.101402080822953
2025-03-06,1.0387630676133592,1.1214669189199977,1.0817761893405091
2025-03-07,1.0586799939475962,1.1284695679927392,1.0877482622299712
2025-03-10,1.0050360082663792,1.1103303883696,1.058408329035524
2025-03-11,1.0217586030928274,1.0974205110529343,1.0503984373439503
2025-03-12,1.0874337843869581,1.0944914545460567,1.055531597881344
2025-03-13,1.0859304025549625,1.081202013742954,1.0408692251253586
2025-03-14,1.1431494592327789,1.1012313200393848,1.0630042137994895
2025-03-17,1.1230428672581874,1.1067127332980364,1.0698245877901875
2025-03-18,1.0845210674532997,1.0962529338019138,1.0584271985804192
2025-03-19,1.104157734091171,1.105812702903511,1.069856619993229
2025-03-20,1.113647366030227,1.1062418747935983,1.0675190975902467
2025-03-21,1.1058489663446507,1.1063980386045205,1.068399430894524
2025-03-24,1.1407066613854173,1.1203266477676213,1.087252407408752
2025-03-25,1.133941799410258,1.1197154725614535,1.08896410524714
2025-03-26,1.068830393049545,1.1171539083066298,1.0768146035918207
2025-03-27,1.0469386575083333,1.1177000285684302,1.0732535983071516
2025-03-28,1.0304024705105967,1.1018524999522663,1.052070555161339
2025-03-31,1.0182822161804,1.1114988835121151,1.0578974706249493
2025-04-01,1.0349124676492356,1.1072241562750234,1.0618976300495921
2025-04-02,1.0374490997200814,1.1114667013433093,1.0690422840728047
2025-04-03,0.9564593324855258,1.0701788646908945,1.0173053056465855
2025-04-04,0.8860864989236273,1.0136739294627717,0.9565217151182871
2025-04-07,0.9173736612585164,1.0010726169203659,0.9542916110513663
2025-04-08,0.9047837237102628,0.9872986055147313,0.9393087321718454
2025-04-09,1.0741857068028724,1.0647904888406208,1.0286875992204376
2025-04-10,1.0106715138075866,1.0380117477415225,0.9930872112625947
2025-04-11,1.0422407037410184,1.061730890019751,1.0110542396323572
2025-04-14,1.0401736989148973,1.0707394187208705,1.019086774777805
2025-04-15,1.0541730337252782,1.0659657791992028,1.0173260161226898
2025-04-16,0.9817332126312328,1.0450847024130439,0.994529396771944
2025-04-17,0.9535464218835509,1.0574979082817884,0.9958489762627554
2025-04-21,0.9105148460220749,1.0368359045259254,0.9723793124618971
2025-04-22,0.9291178635405078,1.0586840621974267,0.9968027627222831
2025-04-23,0.9650090243319892,1.0674634395334757,1.0134106315802345
2025-04-24,0.9999605144018078,1.0794248140691405,1.0339414327985996
2025-04-25,1.042992325177155,1.08436268772913,1.0415648209827852
2025-04-28,1.0215703722048464,1.0832371111691583,1.042232158546149
2025-04-29,1.0242950694524458,1.0874904637136453,1.048279617568631
2025-04-30,1.0233554567012915,1.0875520872029214,1.0498310623452511
2025-05-01,1.048629566277473,1.0961943212993925,1.0564440554352237
2025-05-02,1.0757828360198274,1.1078224013384683,1.0720018571314025
2025-05-05,1.0693938973980555,1.0979345243131162,1.0651607726646002
2025-05-06,1.0667631243046876,1.0953046525722234,1.0569662355727358
2025-05-07,1.099835494196175,1.1013153706170158,1.0615601873589315
2025-05-08,1.1027481879702334,1.1054071617188062,1.0677169976952448
2025-05-09,1.0959834024241286,1.1036683501652358,1.0669573374317356
2025-05-12,1.1556452945772282,1.1348599608558008,1.1016961695836358
2025-05-13,1.2207564748831146,1.139730487007058,1.1096814848435657
2025-05-14,1.2715867732859876,1.1422901201003235,1.1108182598652956
2025-05-15,1.2667950615075305,1.155186640962992,1.1154085297890726
2025-05-16,1.2721504700627853,1.1599540058222488,1.1232222702602974
2025-05-19,1.273747707329094,1.1579837365056465,1.1242063400382176
2025-05-20,1.2625669025978103,1.1538129937148922,1.1198441614912702
2025-05-21,1.2383263532280346,1.139639700074573,1.1017753296256345
2025-05-22,1.2480037716018269,1.1373936716583555,1.101285181691164
2025-05-23,1.2335344978824703,1.1317181959561968,1.093897432701766
2025-05-27,1.2730900025017158,1.1509681427420855,1.1162775413664126
2025-05-28,1.2666069123089427,1.1440331058918731,1.1100585075552256
2025-05-29,1.3077598081036914,1.151898424996207,1.1145111678711093
2025-05-30,1.269613811050324,1.1507633356345621,1.1144206861021733
2025-06-02,1.290753740610584,1.152038167329927,1.1189920864810554
2025-06-03,1.326832795347861,1.1584185576603065,1.1254825655990506
2025-06-04,1.3334097418420547,1.1549780386680957,1.1255654995500286
2025-06-05,1.3152762830939195,1.1486026839549628,1.1196254588636079
2025-06-06,1.3315306530035165,1.1604143833167688,1.1311359732961865
2025-06-09,1.340080827459622,1.1622357545411177,1.1321765596622315
2025-06-10,1.3525768832878722,1.169952768574738,1.1383842717464814
2025-06-11,1.342052904538713,1.1665586040034968,1.135260671717137
2025-06-12,1.3624427344829277,1.1728780182026457,1.1396001147636499
2025-06-13,1.3339721375179048,1.1620347511184292,1.126726758956842
2025-06-16,1.3595298136134621,1.1688149712707443,1.1373097201996252
2025-06-17,1.3541738265324015,1.1592049147080932,1.1278106992528656
2025-06-18,1.3669528820675276,1.1602771654385469,1.1274619348352677
2025-06-20,1.3516368997221206,1.163420679927317,1.1250055803227266
2025-06-23,1.3546438123497664,1.1728664804796551,1.1358129510799209
2025-06-24,1.3896917865115954,1.1781739406582332,1.148445144898313
2025-06-25,1.4499218971461396,1.183837123930541,1.148441370989334
2025-06-26,1.456593134314457,1.1921058197539216,1.1576520100621601
2025-06-27,1.4822448300259996,1.1978682648073447,1.1636937621978936
2025-06-30,1.4845001962048254,1.2012654978439785,1.169703574177146
2025-07-01,1.4404318754068381,1.2082308676438225,1.1683952243667113
2025-07-02,1.4775468097529973,1.2167795811724766,1.1739393727965763
2025-07-03,1.4971851095886808,1.2250718601475017,1.1837288006415996
2025-07-07,1.4868491155634886,1.2143247630886125,1.1744219729130887
2025-07-08,1.503386503636188,1.2129168354338629,1.1735812196298108
2025-07-09,1.5304478830870833,1.2195646736557197,1.1806955903346308
2025-07-10,1.5419114190689112,1.2290655213564938,1.1839380224735343
2025-07-11,1.5496162024672118,1.2260296950191623,1.180033959658016
2025-07-14,1.54162942592781,1.2196676950948209,1.1816947557484674
2025-07-15,1.6039263946894886,1.2171194263558394,1.1770196188959425
2025-07-16,1.6102220791630346,1.2273917414543467,1.1807786163321699
2025-07-17,1.6255380860754538,1.23569527309097,1.1871238459777527
2025-07-18,1.619994238076728,1.2303519876067792,1.1870164276416912
2025-07-21,1.6103160756813306,1.2323504209208538,1.1886772237321426
2025-07-22,1.5694422017724945,1.2390024849262005,1.1894350430644423
2025-07-23,1.604678221407573,1.2504541726348817,1.198726775157037
2025-07-24,1.6324911678172755,1.2546535315359209,1.1995637545313358
2025-07-25,1.63023608697725,1.2564639655455518,1.2043312140840061
2025-07-28,1.6607739629831906,1.2556009098129568,1.2045442098249197
2025-07-29,1.649122422540596,1.256812239088419,1.2009794306312715
2025-07-30,1.6844526007882181,1.2530205725262757,1.1994788876025881
2025-07-31,1.6712976710336012,1.248548551516435,1.1950470298093694
2025-08-01,1.6323033043336508,1.2385099873545544,1.1759356785999189
2025-08-04,1.691311827390364,1.2526710929755034,1.1932655606781497
2025-08-05,1.6749624138708714,1.2493670948828843,1.1874688364863715
2025-08-06,1.6858618301835553,1.256266723623748,1.1961158744694766
2025-08-07,1.6985470590589125,1.2572176451931059,1.1951619959633886
2025-08-08,1.7166817103426502,1.2675220357555714,1.2044839193278156
2025-08-11,1.7106681585026204,1.2649336218165328,1.2014677376345326
2025-08-12,1.721004022228005,1.2739971124956562,1.2150989127736402
2025-08-13,1.7062519915712175,1.2785413533090926,1.2190237781118236
2025-08-14,1.7102923105332044,1.27656057549601,1.219393253005526
2025-08-15,1.6955401370760206,1.2720978286209152,1.2158605060149192
2025-08-18,1.7101981678547817,1.2722173642084689,1.2157379920429419
2025-08-19,1.6503439262036999,1.2764758744178155,1.208616073520164
2025-08-20,1.6480889888972883,1.277128693366334,1.2056771188911104
2025-08-21,1.6441425252786819,1.2737818065754787,1.2008493688413362
2025-08-22,1.6724253222301197,1.2923287065757507,1.2190860015866976
2025-08-25,1.6895264275134543,1.285387051233273,1.2138849106876817
2025-08-26,1.7079432143610425,1.2870430933008232,1.218903105071056
2025-08-27,1.7063458288198248,1.2924153584840719,1.2218174832684658
2025-08-28,1.6929091920829302,1.2922369507422595,1.2256744182450268
2025-08-29,1.6366254310768094,1.2868618814946196,1.2178323274331788
2025-09-02,1.604678165255743,1.2828174790458753,1.2094021511465267
2025-09-03,1.6031749220650369,1.2845793566883343,1.2155701911632166
2025-09-04,1.6129470806672874,1.2927120929238427,1.2257159312437962
2025-09-05,1.5693482829053018,1.281251750266774,1.2218363528133613
2025-09-08,1.5814695168435686,1.280378155313978,1.224409514411131
2025-09-09,1.6044901615042622,1.2810027387852008,1.2277009153202014
2025-09-10,1.6662237409901108,1.2838099286145639,1.2313637241007436
2025-09-11,1.6648142074460208,1.2958151116437797,1.2418129416911725
2025-09-12,1.670922042358075,1.2991952130045274,1.2412134424428707
2025-09-15,1.6702642025281067,1.302465883325751,1.2470553614958368
2025-09-16,1.643295500424223,1.3037940079463852,1.2454492410623013
2025-09-17,1.6001642399392004,1.3084371256476885,1.244240945863091
2025-09-18,1.6560752831104624,1.310126060350176,1.2501997640478462
2025-09-19,1.6601156007008762,1.3161793789062426,1.2563075135674322
2025-09-22,1.7253297000393013,1.3202058285235434,1.2618478880883184
2025-09-23,1.6766541371788917,1.3184096132555978,1.254905000125643
2025-09-24,1.6629346480540246,1.3161850088699318,1.2513327651605972
2025-09-25,1.6697006099970384,1.3166551360636525,1.2450647625792435
2025-09-26,1.6743989114079239,1.3229896495366715,1.2524129315476418
2025-09-29,1.7087912720752796,1.326090449043666,1.2557137212058793
2025-09-30,1.7532379408750605,1.3331646623696336,1.260850655652252
2025-10-01,1.7594400639247973,1.3309322493489666,1.2651374480661797
2025-10-02,1.7749446534588782,1.3294160784603801,1.265919751783563
2025-10-03,1.763010538091655,1.3380122405358585,1.266002685734541
2025-10-06,1.7434653407520135,1.3344498609076567,1.2706192809746109
2025-10-07,1.7387668936139882,1.3328505254087524,1.2657764352889205
2025-10-08,1.7770118785929638,1.3357495094475984,1.2731529545979416
2025-10-09,1.80952488019772,1.3336428655074255,1.2696446919924183
2025-10-10,1.7211010498773958,1.312208069933648,1.235222500008514
2025-10-13,1.7695884711042682,1.3254388773250427,1.254490330370753
2025-10-14,1.691688954957884,1.3288189163021182,1.2525278977016614
2025-10-15,1.6898095767273102,1.3299431026926913,1.257570576470119
2025-10-16,1.7084152197848383,1.3307091499364967,1.2496549404564605
2025-10-17,1.7216647226241175,1.3385153283423756,1.25624151618358
2025-10-20,1.716214726021348,1.3481570607542643,1.2696484659013973
2025-10-21,1.702307382617493,1.3481596722159161,1.2696899789001665
2025-10-22,1.6940380316597734,1.3441373449692933,1.2629129588394472
2025-10-23,1.7117041297566136,1.3462086265996298,1.2702724495347826
2025-10-24,1.7502308130309534,1.354173320014264,1.2803106792327401
2025-10-27,1.799376225318052,1.3659987171736172,1.2960457626043724
2025-10-28,1.8890218741218112,1.372022493487644,1.2990110425497188
2025-10-29,1.945496704976147,1.3851930450190808,1.2989544339150334
2025-10-30,1.906499840573952,1.382788466695853,1.286088533879623
2025-10-31,1.9027412234454693,1.379309236064679,1.2894554129682738
2025-11-03,1.9439930193693244,1.3719422896339852,1.2916741953082578
2025-11-04,1.8670331234158974,1.3639427154666646,1.2765140347532833
2025-11-05,1.8343323998286192,1.3601032630112202,1.2811778498788713
2025-11-06,1.767333290366757,1.3545252390403975,1.2668566016759653
2025-11-07,1.7679908430415985,1.3599869460800937,1.2684551742915426
2025-11-10,1.8704161347860881,1.374853992555011,1.287990676051611
2025-11-11,1.815068853607226,1.385410400208802,1.2906637081674845
2025-11-12,1.8210826953120933,1.3856289087995073,1.2914762031567
2025-11-13,1.7558689743010945,1.368197798295032,1.2700934189746806
2025-11-14,1.786972290915239,1.3697839599078294,1.2694561806365887
2025-11-17,1.7534258910110931,1.3584761207905534,1.2578250852098025
2025-11-18,1.7041864836426202,1.345072980500819,1.2474399320254563
2025-11-19,1.7526740392603535,1.3497030232741611,1.2521226166959392
2025-11-20,1.6974207930044427,1.3386778831647062,1.2326304688658494
2025-11-21,1.680882380465849,1.3498942237996419,1.2447386416155204
2025-11-24,1.7153685920181232,1.350946975634899,1.263991284295283
2025-11-25,1.670921783417295,1.359578987421568,1.275445190093176
2025-11-26,1.6938498766252923,1.370829286813275,1.2842543220692582
2025-11-28,1.6632164164437861,1.3756177150215465,1.2911312126480812
2025-12-01,1.6906552450446237,1.372874019284354,1.2842580959782373
2025-12-02,1.7051262834305163,1.3728881068591725,1.2874138202571836
2025-12-03,1.6875541835615369,1.376474075945983,1.29125004475764
2025-12-04,1.7232639465121642,1.3757781372182512,1.2926450103814715
2025-12-05,1.7141486163904431,1.372817698445726,1.2951484006864098
2025-12-08,1.7436562640223783,1.3684418980017947,1.2906448386225897
2025-12-09,1.7382056923769862,1.361771851951488,1.2895137704876087
2025-12-10,1.7270229875917178,1.3758123087587797,1.2982174171053993
2025-12-11,1.7002404077720068,1.3838005999216636,1.3009168665841258
2025-12-12,1.644702311971947,1.3782734867118913,1.2870443453634814
2025-12-15,1.6566367040020624,1.377441951016275,1.2849894979476841
2025-12-16,1.6700750589223843,1.3676617318160411,1.2819261884154436
2025-12-17,1.6063611913894986,1.3629995301633364,1.2670659155544608
2025-12-18,1.636432661219234,1.3623746606451843,1.277119148841774
2025-12-19,1.700804498490545,1.3668540620024465,1.2883808614214183
2025-12-22,1.7261771088168958,1.3727732921287776,1.2966735201467374
2025-12-23,1.7780504526219436,1.3790579665559506,1.302573888765598
2025-12-24,1.772411884691768,1.3851666397710136,1.3067701073640288
2025-12-26,1.7904548415667938,1.3860815296209226,1.306372374176264
2025-12-29,1.7687469787526588,1.3827029582969828,1.3018104545931097
2025-12-30,1.7623567170906136,1.3805175652412116,1.300019596712723
2025-12-31,1.7525835451705005,1.373812900515468,1.2904544863355503
2026-01-02,1.7746673940331015,1.3801751615306894,1.2928995191211545
2026-01-05,1.7678072874449409,1.382012638297124,1.3011147666891234
2026-01-06,1.7595376470207602,1.3799202742203962,1.309177401059843
2026-01-07,1.777110614130323,1.3689898968897662,1.3046739310425832
2026-01-08,1.7388633275589007,1.3829313191311225,1.3047738015606865
2026-01-09,1.7371719444114324,1.3946214820900762,1.3132228473922338
2026-01-12,1.73792378203535,1.3999389520582723,1.3152946313751566
2026-01-13,1.7460994233556169,1.4042367760980643,1.3127441132312607
2026-01-14,1.7210085122041427,1.4057145276966974,1.3057427757026907
2026-01-15,1.7577519675379023,1.406586969208407,1.3091114957225507
2026-01-16,1.7500461699887242,1.4073354960710254,1.3082706503927124
2026-01-20,1.673364188591999,1.3901947038622438,1.2812852682149332
2026-01-21,1.7227001538987345,1.401319509540045,1.2961324704643302
2026-01-22,1.7369839174847788,1.4089565526636396,1.3032450002379408
2026-01-23,1.7635783583609885,1.4147538887683317,1.3036709917197682
2026-01-26,1.7523016548829526,1.4235507645443581,1.3101972769497838
2026-01-27,1.7715661478462925,1.43272348043635,1.3155453662058607
2026-01-28,1.7997579796564498,1.4345535187299516,1.3154378558232387
2026-01-29,1.8090614523348283,1.4342499242008244,1.313737479711788
2026-01-30,1.7960932185020781,1.4373194019058733,1.3080859129458613
2026-02-02,1.7442198557342912,1.4479451488086024,1.315138152222368
2026-02-03,1.6946958752406909,1.4582585141574695,1.3040857535212187
2026-02-04,1.636902560017716,1.4663949875680817,1.297470919500037
2026-02-05,1.6151947175617978,1.4533005980734084,1.2815755830666367
2026-02-06,1.7423404090014694,1.491489823123947,1.3068172352029868
2026-02-09,1.7858499736985418,1.4972296459713672,1.3129476281764467
2026-02-10,1.7717539136129359,1.4967338167623598,1.308610026061143
2026-02-11,1.785944113985397,1.5090089311924728,1.3085459616550603
2026-02-12,1.7567183066988687,1.4903794874589311,1.288052807479925
2026-02-13,1.7179071850119187,1.4831063638165718,1.2886956606582052
2026-02-17,1.7382055035703745,1.484152018572839,1.2900247209447444
2026-02-18,1.7664913261794408,1.4892953753892282,1.2972050890334168
2026-02-19,1.7657396322132557,1.4884282158117883,1.2935442132306443
2026-02-20,1.783782730689595,1.4919223583414907,1.302521054039892
2026-02-23,1.8000398749434086,1.4914039028870345,1.2889935233278667
2026-02-24,1.8122565570453286,1.5025817948309486,1.2988564043281403
2026-02-25,1.8377231789763255,1.5064992656793843,1.3094243619815678
2026-02-26,1.7374536321920047,1.4953404144492726,1.3023985400679143
2026-02-27,1.665094405750225,1.490508707744805,1.2967469733019878
2026-03-02,1.7148062109990005,1.4901535640873174,1.2972635385993116
2026-03-03,1.6919705319370988,1.4749704536114874,1.2850121414015587
2026-03-04,1.7200686381503243,1.473212341021467,1.2949787588754753
2026-03-05,1.722887705268284,1.454634333170085,1.2876663960190975
2026-03-06,1.6710147997760498,1.4399279273787533,1.270570312204445
2026-03-09,1.7164035779919677,1.4523634974425397,1.2811213332907472
2026-03-10,1.7363259048900535,1.4559367787845192,1.2783859856534396
2026-03-11,1.748261164014529,1.4515645611519583,1.2773152080155625
2026-03-12,1.7211015882665746,1.4362656995656324,1.2578646652308025
2026-03-13,1.693941729349867,1.4302669777291555,1.2502431179778264
2026-03-16,1.7218534212558998,1.444111242446383,1.2629091849304694
2026-03-17,1.709730024153358,1.4414283082023263,1.266059202322667
2026-03-18,1.6953514031274406,1.4201672212543148,1.2488312157868697
2026-03-19,1.6780594315604456,1.4131963738339828,1.2453984313609268
2026-03-20,1.6229880341430427,1.3978919786168806,1.2265453628001384
2026-03-23,1.6506177211013222,1.4146907347345739,1.2405932327184663
2026-03-24,1.6464826886837973,1.416857380873567,1.2359502201155435
2026-03-25,1.679187100495256,1.4250450377057022,1.2426479880877035
2026-03-26,1.6092673842430403,1.4095513987958939,1.2210182429839591
2026-03-27,1.5743073257154026,1.3995945888716013,1.2006005669884043
2026-03-30,1.5522224977053563,1.3974922340650893,1.1958632987075661
2026-03-31,1.6389644137436432,1.428734449633242,1.2307001604463608
2026-04-01,1.6516515025543919,1.4279046738093768,1.2395224550805894
2026-04-02,1.667063804291593,1.4241342245552102,1.2409118058642326
2026-04-06,1.6694133134892333,1.431654749839207,1.2464050525461612
2026-04-07,1.673736341484657,1.4220104692324598,1.247351383234291
2026-04-08,1.7111397762728247,1.4523215945458081,1.2786367204841442
2026-04-09,1.7283377511142055,1.462035840708651,1.2865259391349497
2026-04-10,1.77269558654018,1.4574704892356813,1.2850612022182868
2026-04-13,1.7790859909863985,1.4624627163055515,1.2981344831544224
2026-04-14,1.846750375954847,1.4689742817666003,1.3134302282929602
2026-04-15,1.8689293800041258,1.470025597791468,1.3239058632462424
2026-04-16,1.8640425045874702,1.4727001951733962,1.327361199079499
2026-04-17,1.8953371335050178,1.489015410448928,1.3433432433728563
2026-04-20,1.8989083287740673,1.4901256319990313,1.340153645959659
2026-04-21,1.8784212778456308,1.4764216324292887,1.3316460585156566
2026-04-22,1.903043507841718,1.48646071360155,1.345575188370986
2026-04-23,1.876165616401603,1.4933886798142149,1.3400141033739956
2026-04-24,1.9572689803386165,1.4981454808370922,1.3506989601592123
2026-04-27,2.035647017649501,1.4977236804106993,1.3523635301586425
2026-04-28,2.0033183860100636,1.5056998231911378,1.345744830181921
2026-04-29,1.9664788720214061,1.4976706512799112,1.3452076464550535
2026-04-30,1.8755078619152972,1.5067726249428213,1.358980205111034
2026-05-01,1.86498212930724,1.5071175575693694,1.3629597461061327
2026-05-04,1.8652639787279934,1.4891474511906322,1.3574231454942254
2026-05-05,1.846656311561758,1.5022995827879706,1.3684454449701031
2026-05-06,1.9531338667135836,1.5216014196777505,1.388408779143208
2026-05-07,1.987624001240691,1.5102451392709513,1.383128528202193
2026-05-08,2.0223959913479597,1.5072341579047364,1.394782359129414
2026-05-11,2.062242862024638,1.5128413354119032,1.3974044894973507
2026-05-12,2.074835981281076,1.518790059180034,1.3951649966812627
2026-05-13,2.1222951040309277,1.519386507226733,1.4033256606388762
2026-05-14,2.215427843067804,1.5333754671739233,1.4140689669899877
2026-05-15,2.1175023230843184,1.525474701156865,1.3965863796679472
2026-05-18,2.0893087227768716,1.5268771506846694,1.3955589559600485
2026-05-19,2.0732382577881334,1.525054951515089,1.3862389655733913
2026-05-20,2.1001161702012565,1.5337870191781813,1.4011992930455985
2026-05-21,2.0629006496846194,1.5339682983714726,1.4036028128324334
2026-05-22,2.0236176153219954,1.5396773189141055,1.4088340029567212
2026-05-25,2.0236176153219954,1.5396773189141055,
2026-05-26,2.0192007253680453,1.5316672301944587,1.4174395279410572
2026-05-27,1.9979615375193696,1.5360315137856346,1.4176732341580751
2026-05-28,2.013467864856002,1.5347070785865664,1.4258301242067097
2026-05-29,1.9842407344967494,1.5274082270081426,1.4289273989197615
2026-06-01,2.108480202375209,1.5302057825308695,1.43267875649147
2026-06-02,2.094007411883404,1.5376435883053758,1.4345299048689606
2026-06-03,2.018166838690791,1.5315167910597784,1.4239544914441356
2026-06-04,2.057307429351742,1.5421180178947302,1.4297285721820396
2026-06-05,1.9297240990478117,1.534346815732136,1.3919188826799407
2026-06-08,1.9630312060979593,1.5331433020720338,1.396064199530435
2026-06-09,1.958797282762309,1.5380701073627137,1.3924673881337455
2026-06-10,1.8856908898491278,1.5252011057030948,1.3699101818867663
2026-06-11,1.9275599735670126,1.534102394919213,1.3939094815965343
2026-06-12,1.9305709194194403,1.5425783679606175,1.4009145930340834
2026-06-15,1.998878673355021,1.5473266331956026,1.424069457598155
2026-06-16,1.9514583792144629,1.5554407761754334,1.4159747910243938
2026-06-17,1.9254899923263191,1.5396213742765998,1.398773129804889
2026-06-18,1.9823192405870815,1.5413954288854068,1.41394452004024
2026-06-22,1.963125156340765,1.5398214611265653,1.4087057820979942
2026-06-23,1.8821154785366785,1.540725003487037,1.3884728435492906
2026-06-24,1.8723303741945811,1.5456921679038287,1.3871080691972915
2026-06-25,1.8416578012549116,1.5391030586620682,1.386970459589398
2026-06-26,1.8114555093362097,1.5502416886184345,1.3863162846841806
2026-06-29,1.8344129325362204,1.5570846171180182,1.4026055803963662
2026-06-30,1.8825858850964035,1.5654223516941013,1.4137144956856404
2026-07-01,1.8589698942573585,1.562887567614487,1.410673829607274
2026-07-02,1.8330958057134223,1.5859430578797933,1.410675762585044
2026-07-06,1.8398701068722128,1.579765906100672,1.4208911819118946
2026-07-07,1.8528541486394505,1.5907376830966855,1.414560955855667
2026-07-08,1.9205033134995109,1.5801854479356598,1.41057580002038
2026-07-09,1.907895544622333,1.57308465206584,1.4220618300678751
2026-07-10,1.9848595582888877,1.5864057590845269,1.4280470656154838
2026-07-13,1.9149521019622335,1.58678067169036,1.4167269034699448
2026-07-14,1.992762959270109,1.5876953315172375,1.4220523492721477
2026-07-15,1.9993489829109419,1.5953997368085446,1.4274833724792029
2026-07-16,1.9513641297769628,1.6034411432371958,1.4202012008946572
2026-07-17,1.9081777725759796,1.5881734124969031,1.4058592422156466
2026-07-20,1.9125999772846571,1.5808098441948468,1.4031427641232341
2026-07-21,1.9503291398526375,1.5930054589458602,1.415569510018671
2026-07-22,1.995209180706001,1.6016120387668495,1.4136391095526208
2026-07-23,1.964160023770676,1.592392953135524,1.3965486405781566
2026-07-24,1.9460952089319015,1.6075051975504686,1.3972423955043736
2026-07-27,1.8489024092654498,1.6087598365437805,1.397468645949994
2026-07-28,1.8536067492882276,1.617959565788113,1.4004093494636967
2026-07-29,1.7877452686610618,1.5920087943448331,1.3791773375477172
2026-07-30,1.835071364360184,1.6155806980504057,1.402077693372106
2026-07-31,1.8887956386091371,1.6119105349060439,1.4118973124889616
2026-08-03,1.944213467888453,1.626620858556152,1.432780559987343
2026-08-04,1.9940799849554331,1.6530348897608298,1.4584218782892278
2026-08-05,2.0625760366138035,1.6582629168394847,1.4559768455036237
2026-08-06,2.0604120752645727,1.6606621116267357,1.4534150056327908
2026-08-07,2.107173819258863,1.6641469637782031,1.4624032602155361
2026-08-10,2.046863301096676,1.666121076835702,1.4615492522275515
2026-08-11,2.0463928810045853,1.6640662984416248,1.4568534969454827
2026-08-12,2.108396778603551,1.6623412705815508,1.4606802406502113
2026-08-13,2.119781580554977,1.66558263157357,1.4701982231884263
2026-08-14,2.11846431760553,1.6655769450159565,1.4677041295860949
2026-08-17,2.1170529131229174,1.6645138366009868,1.4600317726317427
2026-08-18,2.0674686354853087,1.670318585753909,1.4499840621380573
2026-08-19,2.0469574264567907,1.6735403209813204,1.4530417568301095
2026-08-20,2.040277259980237,1.6580432699271304,1.4404454611702981
2026-08-21,2.0202364737517455,1.6630336996377673,1.4467059159336937
2026-08-24,1.961525524837421,1.664407068953616,1.4426509888055747
2026-08-25,2.0045237421040283,1.665166602869562,1.4472544213874983
2026-08-26,1.9726278872265879,1.6588579065054863,1.4469566507643974
2026-08-27,2.1449969000865523,1.663267565266122,1.4573794509919733
2026-08-28,2.0468631747693693,1.6637128004921544,1.4537542892546609
2026-08-31,2.0772536331357747,1.6630223100969566,1.4489246982736774
2026-09-01,2.0458283322696227,1.661442707555343,1.4386187971778908
2026-09-02,2.111407590657528,1.6721632825112167,1.4452411790170308
2026-09-03,2.1494190667923125,1.686967216094388,1.4605313093153804
2026-09-04,2.1673898979578787,1.6768478099665358,1.4550437695202005
2026-09-07,2.1673898979578787,1.6768478099665358,
2026-09-08,2.123827078388142,1.6622007836943322,1.446545662871926
2026-09-09,2.1044449887242838,1.6544439423078203,1.4395405514343769
2026-09-10,2.056783216827067,1.6531065012142714,1.4311216968746618
2026-09-11,2.0561237950968763,1.666501810733396,1.44342767768277
2026-09-14,1.987080270491429,1.6583966445592446,1.436452757517053
2026-09-15,1.9984775691017367,1.6591213662267503,1.429996243579869
2026-09-16,2.0147729561005727,1.6482403742343288,1.4236019531175588
2026-09-17,2.0660140954952224,1.6634694756632937,1.4398044489232273
2026-09-18,2.0936127930797097,1.6640707739407736,1.442206127778853
2026-09-21,2.1417455569635373,1.6649412143157825,1.4637341614332846
2026-09-22,2.1557802645352786,1.6678972720456386,1.4637228397063475
2026-09-23,2.1241313127574646,1.6606011385879769,1.4526741228676168
2026-09-24,2.115371406918933,1.6550344170275801,1.4523159697008516
2026-09-25,2.1199869290778843,1.6689575029638457,1.4597207473039353
2026-09-28,2.1556861173916895,1.667304673186445,1.4484628086332698
2026-09-29,2.1401442817907292,1.655751746150343,1.44604041930154
2026-09-30,2.151164878844697,1.6472817194539489,1.4424021869526416
2026-10-01,2.1745247743850338,1.6466889680411383,1.445212920722969
