ticker,forecast_return,sentiment,volatility,score,recommendation
AAPL,0.0007790396292459807,0.02909987966219584,0.014141725185811683,-0.1721910921853408,HOLD
MSFT,0.0015075276000806816,0.03812423765659332,0.014674271827261443,-0.175947303113872,HOLD
JPM,-0.0031840789732695235,0.0,0.012168829074343765,-0.15760818168226842,HOLD
XOM,-9.582371279308399e-05,0.0,0.015422822559219465,-0.1977833934509535,SELL
JNJ,-0.0029533304483083085,0.0,0.009398003420808348,-0.1219681462941977,BUY
PG,-0.0012052799128421281,0.0,0.010340116147686573,-0.13317291614002613,BUY
NVDA,0.0014026212259062494,0.04970914422297011,0.015352134383864732,-0.18121513703133504,SELL
KO,-0.0008857894506404289,0.0,0.0074683079458678124,-0.09619381597869714,BUY
CAT,0.002004927684542053,0.0,0.015599448753302563,-0.19899753615772897,SELL
HD,-0.005370225291152687,0.0,0.012818266032717,-0.16702766391686072,HOLD
